{
  "Q4.1.1" : {
    "MaeForK=200" : 0.734624743681844
  },
  "Q4.1.2" : {
    "DurationInMicrosecForComputingKNN" : 1.1347280085E7
  },
  "Q4.1.3" : {
    "DurationInMicrosecForComputingPredictions" : 8804113.755
  }
}